{
  "title": "pTopoFL: Privacy-Preserving Personalised Federated Learning via Persistent Homology",
  "description": "<p>pTopoFL is a Python package implementing privacy-preserving personalised federated learning via persistent homology (PH). Clients transmit compact topological descriptors instead of gradients. The server performs topology-guided clustering, intra-cluster topology-weighted aggregation, and inter-cluster consensus blending.</p><p>Key features:<ul><li>No external TDA library required (pure NumPy/SciPy)</li><li>Four baseline implementations: FedAvg, FedProx, SCAFFOLD, pFedMe</li><li>Formal information-contraction and convergence theorems (see paper)</li><li>Synthetic healthcare and benchmark datasets included</li></ul></p>",
  "upload_type": "software",
  "access_right": "open",
  "license": "GPL-3.0",
  "version": "1.0.0",
  "publication_date": "2025-01-01",
  "keywords": [
    "federated learning",
    "topological data analysis",
    "persistent homology",
    "privacy-preserving machine learning",
    "non-IID federated learning",
    "Wasserstein distance",
    "personalised federated learning"
  ],
  "creators": [
    {
      "name":        "Morilla, Ian",
      "affiliation": "MorillaLab, Université Sorbonne Paris Nord, LAGA, CNRS, UMR 7539, France; IHSM, Universidad de Málaga–CSIC, Spain",
      "orcid":       ""
    },
    {
      "name":        "Ginot, Grégory",
      "affiliation": "MorillaLab, Université Sorbonne Paris Nord, LAGA, CNRS, UMR 7539, France",
      "orcid":       ""
    }
  ],
  "related_identifiers": [
    {
      "scheme":    "url",
      "identifier":"https://github.com/MorillaLab/TopoFederatedL",
      "relation":  "isSupplementTo"
    }
  ],
  "language": "eng",
  "notes": "Funded by Consejería de Universidades, Ciencias y Desarrollo and FEDER funds (Junta de Andalucía, ProyExec_0499); ANR-18-IDEX-0001 (Université Paris Cité IdEx)."
}
